name,region,division,municipality,address,latitude,longitude,source,osm_id,verified
Délégation régionale art et culture,Adamaoua,,Ngaoundéré I,,7.3188388,13.5797387,OpenStreetMap,node/5014764523,False
FEICOM - bureau de ngaoundéré,Adamaoua,,Ngaoundéré I,,7.3152726,13.5795567,OpenStreetMap,way/482002692,False
MINEDUB - Inspection d'arrondissement de Ngaoundéré 1er,Adamaoua,,Ngaoundéré I,,7.316935,13.5794241,OpenStreetMap,node/5917985377,False
Recette municipale ngaoundéré 1er,Adamaoua,,Ngaoundéré I,,7.3149744,13.5791408,OpenStreetMap,way/482002693,False
Centrale de gestion des attributions de badges moto taxi,Adamaoua,,Ngaoundéré II,,7.3196331,13.5800318,OpenStreetMap,node/5014713314,False
Cômité régional olympique et sportif de l'Adamaoua,Adamaoua,,Ngaoundéré II,,7.3188944,13.5779946,OpenStreetMap,node/5014714340,False
Inspection médico-scolaire,Adamaoua,,Ngaoundéré II,,7.3193074,13.5785004,OpenStreetMap,node/5916199750,False
Agence Nationale d'Appui au Développement Forestier de Ngaoundéré,Adamaoua,,,,7.3182027,13.5697956,OpenStreetMap,node/5918963292,False
Bureau de poste,Adamaoua,,,,7.31503,13.5737081,OpenStreetMap,node/5918417799,False
CIM Ngaoundéré,Adamaoua,,,,7.3171858,13.5738149,OpenStreetMap,node/5918033637,False
Centre Divisionaire des Iimpôts,Adamaoua,,,,7.3207919,13.5799756,OpenStreetMap,node/5918040493,False
Centre d'excellence technologique PAUL BIYA,Adamaoua,,,,7.3198589,13.5692492,OpenStreetMap,node/5918963290,False
Centre de Développement des Technologies de l'Information et de la Communication,Adamaoua,,,,7.4170513,13.5425967,OpenStreetMap,node/5838035286,False
"Chambre d'Agriculture, des Pêches, de l'Élevage et des Forêts",Adamaoua,,,,7.3188309,13.5792112,OpenStreetMap,node/5918074398,False
"Chambre de Commerce, d'Industrie, des Mines et d'Artisanat Ngaoundéré",Adamaoua,,,,7.3189363,13.5772207,OpenStreetMap,node/5918113191,False
Cheferie traditionelle de Gada-mabanga,Adamaoua,,,,7.3577428,13.5894373,OpenStreetMap,node/5916331067,False
Chefferie 3eme bamyanga 3,Adamaoua,,,,7.2955392,13.5760127,OpenStreetMap,node/5916331079,False
Chefferie 3è degré,Adamaoua,,,,7.3267545,13.5914517,OpenStreetMap,node/5916331059,False
Chefferie 3è degré Yarmbang,Adamaoua,,,,7.3229651,13.5903316,OpenStreetMap,node/5916331064,False
Chefferie 3è degré de tongo 1,Adamaoua,,,,7.3237722,13.5833746,OpenStreetMap,node/5916331081,False
Chefferie Bamyanga,Adamaoua,,,,7.2936513,13.5766043,OpenStreetMap,node/5916331063,False
Chefferie Belaka Mboum,Adamaoua,,,,7.2963212,13.5701219,OpenStreetMap,node/5916331062,False
Chefferie bamyanga hamadjangui,Adamaoua,,,,7.281251,13.5606647,OpenStreetMap,node/5916331080,False
Chefferie bamyanga hamadjangui,Adamaoua,,,,7.2812521,13.5606372,OpenStreetMap,node/9370839757,False
Chefferie de 3eme dégrédégré-QTIER MBIBAKALA,Adamaoua,,,,7.3184572,13.5712446,OpenStreetMap,node/5916331068,False
Chefferie de 3è degré de burkina,Adamaoua,,,,7.3013319,13.6022069,OpenStreetMap,node/5916331075,False
Chefferie de Rep-Yanga,Adamaoua,,,,7.3306691,13.625367,OpenStreetMap,node/5916331077,False
Chefferie de beka,Adamaoua,,,,7.3100441,13.5465826,OpenStreetMap,node/5916331072,False
Chefferie de marza,Adamaoua,,,,7.278694,13.5781163,OpenStreetMap,node/5916331070,False
Chefferie de quartier,Adamaoua,,,,7.2989953,13.5656793,OpenStreetMap,node/5916331061,False
Chefferie de quartier Mayo Djarandji,Adamaoua,,,,7.2991673,13.5719453,OpenStreetMap,node/5916331060,False
Chefferie marza 2,Adamaoua,,,,7.2840311,13.5734181,OpenStreetMap,node/5916331065,False
Chefferie marza 2,Adamaoua,,,,7.2839978,13.5733723,OpenStreetMap,node/9370839752,False
Chefferie traditionnelle 3ème degré de dang,Adamaoua,,,,7.4306285,13.55715,OpenStreetMap,node/5916331069,False
Chefferie traditionnelle 3ème degré de malang,Adamaoua,,,,7.4495254,13.5533905,OpenStreetMap,node/5916331073,False
Chefferie traditionnelle de 3ème degré,Adamaoua,,,,7.4117562,13.5471664,OpenStreetMap,node/5916331074,False
Chefferie traditonnelle de 3e degree de gada-mabanga,Adamaoua,,,,7.3538748,13.5832966,OpenStreetMap,node/5916331066,False
Cours d'Appel de l'Adamaoua,Adamaoua,,,,7.3169324,13.5774212,OpenStreetMap,node/5918114751,False
Customs,Adamaoua,,,,7.344852,13.5796889,OpenStreetMap,node/4676792092,False
District de Santé Ngaoundere rural,Adamaoua,,,,7.3149128,13.5855787,OpenStreetMap,node/13597402001,False
District de Santé de Ngaoundere rural,Adamaoua,,,,7.3148103,13.5855859,OpenStreetMap,node/13597401801,False
"Délégation Départementale de l'Elevage, des Pêches et des Industries Animales",Adamaoua,,,,6.5204961,14.2915243,OpenStreetMap,node/8506430617,False
"Délégation Départementale de l'Elevage, des Pêches et des Industries Animales",Adamaoua,,,,6.5323594,14.2962166,OpenStreetMap,node/8506442517,False
Délégation Départementale de la Jeunesse et de l’Education Civique,Adamaoua,,,,7.319062,13.5790459,OpenStreetMap,node/5918078208,False
Délégation Départementale de la Promotion de la Femme et de la Famille,Adamaoua,,,,7.3187002,13.5785349,OpenStreetMap,node/5918088737,False
Délégation Départementale de l’Agriculture et du Développement Rural,Adamaoua,,,,7.3280293,13.5927667,OpenStreetMap,node/5919004726,False
Délégation Départementale de l’Eau et de l’Energie,Adamaoua,,,,7.3186243,13.5801644,OpenStreetMap,node/5918107918,False
Délégation Départementale de l’Emploi et de la Formation Professionnelle,Adamaoua,,,,7.3183098,13.5785638,OpenStreetMap,node/5918102653,False
Délégation Départementale des Enseignements Secondaires,Adamaoua,,,,7.3193925,13.5781903,OpenStreetMap,node/5918013136,False
"Délégation Départementale des Mines, de l’Industrie et du Développement Technologique",Adamaoua,,,,7.3189709,13.5784793,OpenStreetMap,node/5918087185,False
"Délégation Départementale des Petites et Moyennes Entreprises, de l’Economie Sociale et de l’Artisanat",Adamaoua,,,,7.3185765,13.5799582,OpenStreetMap,node/5918107167,False
Délégation Départementale des Transports,Adamaoua,,,,7.3240596,13.5843142,OpenStreetMap,node/5918984889,False
Délégation Départementale du Ministère des Forêts et de la Faune,Adamaoua,,,,7.3205468,13.5800145,OpenStreetMap,node/5918045469,False
Délégation Départementale du Ministère des Marchés Publics,Adamaoua,,,,7.31933,13.575898,OpenStreetMap,node/5918023369,False
Délégation Regionale de la Forêt et de la Faune,Adamaoua,,,,7.319697,13.5692873,OpenStreetMap,node/5918963291,False
Délégation Regionale du Ministère de la communication,Adamaoua,,,,7.320575,13.5802836,OpenStreetMap,node/5918048167,False
Délégation Régionale de l'Eau et de l'Energie,Adamaoua,,,,7.3188508,13.5781889,OpenStreetMap,node/5918016679,False
Délégation Régionale de l'habitat et du Développement Urbain,Adamaoua,,,,7.324032,13.5844092,OpenStreetMap,node/5918984890,False
Délégation Régionale de la Planification de l'Aménagement et du Développement,Adamaoua,,,,7.3195788,13.5798506,OpenStreetMap,node/5918010811,False
Délégation Régionale de l’Education de Base,Adamaoua,,,,7.3155915,13.5776465,OpenStreetMap,node/5918145521,False
Délégation Régionale des Marchés Publics,Adamaoua,,,,7.3253404,13.5847832,OpenStreetMap,node/5918991417,False
Délégation Régionale des affaires sociales,Adamaoua,,,,7.3189469,13.5798331,OpenStreetMap,node/5918064030,False
Délégation Régionale du Commerce,Adamaoua,,,,7.3188372,13.5756221,OpenStreetMap,node/5918025193,False
Délégation Régionale et Départementale de la Confédération Africaine de Football,Adamaoua,,,,7.3194042,13.5788967,OpenStreetMap,node/5918010809,False
Délégation de la santé de l'Adamaoua (DRSP-AD),Adamaoua,,,,7.314836,13.5861713,OpenStreetMap,node/13597401702,False
Délégation des Pêches et des Industries Animales,Adamaoua,,,,6.5102818,12.4833947,OpenStreetMap,node/14181201701,False
Délégation des Pêches et des Industries Animales,Adamaoua,,,,6.5102847,12.4833486,OpenStreetMap,way/1558902570,False
Délégation régionale Adamaoua,Adamaoua,,,,7.3157824,13.5787408,OpenStreetMap,node/5918143592,False
Délégation régionale du Travail et de la Sécurité Sociale,Adamaoua,,,,7.3162274,13.5771536,OpenStreetMap,node/5918121302,False
Fond National de l'Emploi,Adamaoua,,,,7.3192455,13.5799485,OpenStreetMap,node/5918054015,False
Gendarmerie Nationale Ngaoundéré,Adamaoua,,,,7.3154332,13.5769149,OpenStreetMap,node/5918420354,False
Hôtel de Ville,Adamaoua,,,,7.3178482,13.577342,OpenStreetMap,node/5917985375,False
Hôtel de ville de Nyambaka,Adamaoua,,,,6.8896142,14.0999871,OpenStreetMap,node/3637561955,False
Institut Nationale de la Statistique,Adamaoua,,,,7.3195335,13.5796319,OpenStreetMap,node/5918010810,False
Lamidat de Ngaoundéré,Adamaoua,,,,7.3209395,13.5880762,OpenStreetMap,node/5916325285,False
Mairie de Ngaoundéré 1er,Adamaoua,,,,7.3152283,13.5791989,OpenStreetMap,node/5934631018,False
Mairie de Ngaoundéré 2éme,Adamaoua,,,,7.3566179,13.5949189,OpenStreetMap,node/5934631019,False
Mairie de Ngaoundéré 3ème,Adamaoua,,,,7.4333043,13.5554515,OpenStreetMap,node/5934631017,False
Mairie de Petté,Adamaoua,,,,7.4086516,12.8649693,OpenStreetMap,node/12823361901,False
Mairie de Tibati,Adamaoua,,,,6.4532028,12.61766,OpenStreetMap,way/349052110,False
Ministère de la défense,Adamaoua,,,,7.3117838,13.5728225,OpenStreetMap,node/5918432656,False
Mission d'Aménagement et de Gestion des Zones Industrielles Ngaoundéré,Adamaoua,,,,7.3188844,13.5795153,OpenStreetMap,node/5918074399,False
Pesage,Adamaoua,,,,7.4006788,13.5491588,OpenStreetMap,way/638502968,False
Poste de pesage,Adamaoua,,,,7.4012001,13.5498963,OpenStreetMap,node/5943287446,False
Prefecture de la VINA,Adamaoua,,,,7.3168637,13.5790771,OpenStreetMap,node/5943226983,False
Préfecture,Adamaoua,,,,7.366064,12.6604258,OpenStreetMap,way/685885256,False
Préfecture,Adamaoua,,,,7.3474167,13.5683226,OpenStreetMap,way/1311982762,False
Préfecture de Tibati,Adamaoua,,,,6.4543989,12.6177963,OpenStreetMap,way/311592375,False
Préfecture de la Vina,Adamaoua,,,,7.3474356,13.568318,OpenStreetMap,node/12143921425,False
Region de l'Adamaoua,Adamaoua,,,,7.3164156,13.5795783,OpenStreetMap,node/5918137004,False
Salle des Actes,Adamaoua,,,,6.4534321,12.6176227,OpenStreetMap,way/1153461949,False
Sous préfecture Ngaoundéré,Adamaoua,,,,7.315793,13.5793906,OpenStreetMap,node/5918143593,False
Sous préfecture Ngaoundéré 3ème,Adamaoua,,,,7.4192331,13.5594478,OpenStreetMap,node/5943226984,False
Sous préfecture dang,Adamaoua,,,,7.4213328,13.5575386,OpenStreetMap,node/6183322754,False
Sous préfecture de Ngaoundéré 2éme,Adamaoua,,,,7.3274006,13.573006,OpenStreetMap,node/5943227885,False
Station Radio CRTV - Adamaoua,Adamaoua,,,,7.3144931,13.5833487,OpenStreetMap,node/13597410101,False
Tribunal administratif,Adamaoua,,,,7.316359,13.5778228,OpenStreetMap,node/5918118916,False
Tribunal de Ngaoundéré,Adamaoua,,,,7.3166949,13.5779824,OpenStreetMap,node/5918113233,False
Unnamed municipal/government building,Adamaoua,,,,6.0505152,12.4941125,OpenStreetMap,node/8222363717,False
Unnamed municipal/government building,Adamaoua,,,,7.4368948,13.9294101,OpenStreetMap,way/494692592,False
chefferie,Adamaoua,,,,7.3135615,13.5964563,OpenStreetMap,node/5916331076,False
chefferie Traditionnelle 3eme Degré,Adamaoua,,,,7.3155357,13.598818,OpenStreetMap,node/5916331071,False
délégation régionale de la communication,Adamaoua,,,,7.3204792,13.5801503,OpenStreetMap,node/5568669417,False
hotel de ville de pétté,Adamaoua,,,,7.4009434,12.8649693,OpenStreetMap,node/12823374701,False
sous préfecture,Adamaoua,,,,7.4373503,13.9292537,OpenStreetMap,way/494692593,False
Centre National de Télédétection et de Suivi Ecologique,Littoral,,Cotonou,,6.3657264,2.4644053,OpenStreetMap,node/4432487615,False
"Ministère de l'agriculture, de lélevage et la pêche",Littoral,,Cotonou,,6.3541289,2.3997894,OpenStreetMap,node/9835461197,False
Hôtel de Ville,Littoral,,Yabassi,,4.4596475,9.9711267,OpenStreetMap,way/625726300,False
mairie douala 5 eme,Littoral,,douala,,4.0929968,9.7363089,OpenStreetMap,node/9641661011,False
mairie douala 5 eme,Littoral,,douala,,4.0928395,9.7363928,OpenStreetMap,node/9641661012,False
mairie douala 5 eme,Littoral,,douala,,4.0928021,9.7364364,OpenStreetMap,node/9641661013,False
mairie douala 5 eme,Littoral,,douala,,4.0927426,9.7364907,OpenStreetMap,node/9641661014,False
1er Arrondissement de Cotonou,Littoral,,,,6.3721889,2.4768388,OpenStreetMap,node/9329488317,False
2eme Arrondissement de Cotonou,Littoral,,,,6.3861544,2.4624974,OpenStreetMap,node/9140695400,False
2ᵉ Arrondissement,Littoral,,,,6.3773244,2.4578771,OpenStreetMap,node/4172581738,False
3è Arrondissement Cotonou,Littoral,,,,6.381515,2.4440437,OpenStreetMap,node/5993364961,False
5 ème arrondissement de Cotonou,Littoral,,,,6.3680238,2.4352122,OpenStreetMap,node/6481172039,False
5ᵉ Arrondissement,Littoral,,,,6.359648,2.4284987,OpenStreetMap,node/4586762966,False
6è Arrondissement de Cotonou,Littoral,,,,6.3809254,2.4238074,OpenStreetMap,node/9094110494,False
9ème Arrondissement,Littoral,,,,6.3902883,2.4011667,OpenStreetMap,node/6056732043,False
ARCEP BENIN,Littoral,,,,6.3542659,2.429452,OpenStreetMap,node/3934012303,False
Absu-Cep,Littoral,,,,6.3689458,2.4147354,OpenStreetMap,node/5087789222,False
Affaires Maritimes,Littoral,,,,4.0422698,9.6855745,OpenStreetMap,way/299547704,False
Agence Béninoise des Technologies de l’Information et de la Communication,Littoral,,,,6.3605535,2.396365,OpenStreetMap,node/4379916355,False
Agence Béninoise du Service Universel des Communications Electroniques et de la Poste,Littoral,,,,6.3537323,2.3986876,OpenStreetMap,node/4422279654,False
Agence Nationale Pour l’Emploi,Littoral,,,,6.3797488,2.4207339,OpenStreetMap,node/4563428684,False
Agence Nationale de Protection Civile (ANPC),Littoral,,,,6.3538335,2.3980387,OpenStreetMap,node/5722807268,False
Agence Nationale de l'Aménagement du Territoire,Littoral,,,,6.3678358,2.4013765,OpenStreetMap,node/5214537866,False
Annexe HAAC,Littoral,,,,6.3590716,2.4290795,OpenStreetMap,node/4379255888,False
Apiex,Littoral,,,,6.3590377,2.4270672,OpenStreetMap,node/6392030986,False
Apiex,Littoral,,,,6.3592635,2.4270685,OpenStreetMap,node/6392030987,False
Assurance building,Littoral,,,,4.0592897,9.7258913,OpenStreetMap,node/4419001709,False
BENIN CONTROL (annexe),Littoral,,,,6.3560714,2.4196747,OpenStreetMap,node/5821198556,False
BRIGARDE BONABERIE II,Littoral,,,,4.0983541,9.623757,OpenStreetMap,node/4344498234,False
Bataillon Akwa Nord,Littoral,,,,4.098281,9.7441715,OpenStreetMap,way/300147734,False
Bet X Building,Littoral,,,,4.059263,9.7241862,OpenStreetMap,node/4419001716,False
Bloc Administratif des Impots,Littoral,,,,6.3575159,2.4373006,OpenStreetMap,node/4479100615,False
Boro-City,Littoral,,,Rue 609,6.3652863,2.4125355,OpenStreetMap,node/4721515489,False
Bureau 5ieme Arrondissement Cotonou,Littoral,,,,6.3678894,2.4352577,OpenStreetMap,node/5012731821,False
Bureau de Chef Qaurtier,Littoral,,,,6.3895564,2.4321176,OpenStreetMap,node/5482890009,False
Bureau du 11è Arrondissement de  Cotonou,Littoral,,,,6.3649287,2.4115872,OpenStreetMap,node/9094162112,False
Bureau du 12è Arrondissement de Cotonou,Littoral,,,,6.3558128,2.406941,OpenStreetMap,node/6945659481,False
Bureau du 7ème Arrondissement,Littoral,,,,6.3682808,2.4260841,OpenStreetMap,node/5210490992,False
CAMTEL Cameroon,Littoral,,,,4.0598608,9.7262514,OpenStreetMap,node/4419001708,False
CARBAP,Littoral,,,,4.0388319,9.686414,OpenStreetMap,way/299538464,False
CNPS,Littoral,,,,4.0404369,9.6893808,OpenStreetMap,way/299550147,False
CNPS BONABERI,Littoral,,,,4.0775729,9.6724889,OpenStreetMap,node/7713485885,False
CNPS Direction Littoral Sud-Ouest,Littoral,,,,4.0393909,9.6857098,OpenStreetMap,way/299539732,False
COMMISSION ELECTORALE NATIONALE AUTONOME (CENA),Littoral,,,,6.3545938,2.4385392,OpenStreetMap,node/3578049693,False
Caisse Nationale de Sécurité Sociale,Littoral,,,,6.3684116,2.4351547,OpenStreetMap,node/5012731721,False
Caisse nationale d'épargne,Littoral,,,Avenue de la LIBERTÉ Av. 7.011,6.3670879,2.4257907,OpenStreetMap,node/4380999090,False
Campost,Littoral,,,,4.0436847,9.6858767,OpenStreetMap,way/299538711,False
CeRPA Atlantique-Littoral,Littoral,,,RUE 5.076,6.3520795,2.4202913,OpenStreetMap,node/4379179699,False
Centre Multifonction de Bepanda,Littoral,,,,4.0578945,9.7221364,OpenStreetMap,node/4419001719,False
Centre Spécial d'État Civil d'Akwa Nord,Littoral,,,,4.0782647,9.7181483,OpenStreetMap,way/299768100,False
Centre de documentation et de promotion de la production des medias,Littoral,,,,6.3533032,2.4320615,OpenStreetMap,node/3934013053,False
Centre des affaires maritimes,Littoral,,,,4.044756,9.6851312,OpenStreetMap,node/5451218321,False
Centre des imports bonaberi,Littoral,,,,4.0801381,9.6692295,OpenStreetMap,node/5994642787,False
Centre des impôts des petites entreprises N* 1 St Michel,Littoral,,,,6.3716198,2.4261805,OpenStreetMap,node/4351615257,False
Cercle Municipal de Bonaberi,Littoral,,,,4.0703209,9.6841666,OpenStreetMap,node/7713307002,False
Chambre d'Agriculture,Littoral,,,,4.0381308,9.6869816,OpenStreetMap,way/299539439,False
Chambre de Commerce et d'Industrie du Bénin,Littoral,,,,6.3520913,2.4379518,OpenStreetMap,node/3874525758,False
Chambre de commerce et d'industrie du Burkina Faso,Littoral,,,,6.3514661,2.4211278,OpenStreetMap,node/4379226489,False
Chefferie Kikot,Littoral,,,,4.1758796,11.0223007,OpenStreetMap,way/1322911900,False
Chefferie Ngwelle,Littoral,,,,4.0822694,9.6483808,OpenStreetMap,node/4468113304,False
Chefferie de 3ème degré de Makondo,Littoral,,,,3.7611817,10.2577417,OpenStreetMap,node/4502595391,False
Chefferie du wouri,Littoral,,,,4.072056,9.6635262,OpenStreetMap,node/4444144981,False
Cité Ministérielle,Littoral,,,,6.3518311,2.4046553,OpenStreetMap,way/1475569343,False
Coopération Technique Belge - Siège Cotonou,Littoral,,,,6.3565617,2.3967551,OpenStreetMap,node/4902968322,False
Council,Littoral,,,,4.0907087,9.6500009,OpenStreetMap,way/298368805,False
DDEMP Littoral,Littoral,,,,6.3610013,2.4349802,OpenStreetMap,node/7536967287,False
DIRECTION GE'ERALE DE L'URBANISME,Littoral,,,,6.3684045,2.4650397,OpenStreetMap,node/3975819053,False
Direction Corps de la Paix au Bénin,Littoral,,,,6.3556981,2.4192239,OpenStreetMap,node/5071908422,False
Direction ENEO,Littoral,,,,4.0261482,9.6915439,OpenStreetMap,way/299538022,False
Direction Generale de Transport,Littoral,,,,6.3531763,2.4236671,OpenStreetMap,node/5299175025,False
Direction Generale de l'Economie Numérique et la Podtr,Littoral,,,,6.3539699,2.4168158,OpenStreetMap,node/5887428560,False
Direction Generale des Douanes et Droits indirects (DRED),Littoral,,,,6.3522055,2.4373733,OpenStreetMap,way/539996634,False
Direction Général des Mines,Littoral,,,,6.3584668,2.4370464,OpenStreetMap,node/4488813059,False
Direction Générale de l'enseignement supèrieurérieur (DGS),Littoral,,,,6.3926382,2.3642038,OpenStreetMap,node/4165317153,False
Direction Générale de l'Énergie,Littoral,,,,6.3652137,2.4607331,OpenStreetMap,node/5425988723,False
Direction Générale des Affaires Economiques (DGAE),Littoral,,,,6.3514269,2.3993607,OpenStreetMap,node/4422168807,False
Direction Générale des Impôts,Littoral,,,,6.3532089,2.4235733,OpenStreetMap,node/4124717883,False
Direction Générale des Impôts (DGI),Littoral,,,,6.3514919,2.3990928,OpenStreetMap,node/4422165179,False
Direction Générale des Transports Terrestres,Littoral,,,,6.3636546,2.4606098,OpenStreetMap,node/5575625953,False
Direction National de la Santé Publique (DNSP),Littoral,,,,6.3639813,2.462923,OpenStreetMap,node/4554180202,False
Direction de l'Émigration et de l'Immigration,Littoral,,,,6.352796,2.4225806,OpenStreetMap,node/3878027513,False
Direction des Services Techniques,Littoral,,,,6.3531316,2.4364849,OpenStreetMap,node/3875331145,False
Direction générale de la Fonction Publique,Littoral,,,,6.3521359,2.4011237,OpenStreetMap,node/4422167123,False
Direction générale de la cnss,Littoral,,,,6.3542979,2.4031083,OpenStreetMap,node/4485225890,False
Dorian cabinet,Littoral,,,,6.3844138,2.4609963,OpenStreetMap,node/6277974386,False
Etat Civil,Littoral,,,,4.0781185,9.7493465,OpenStreetMap,way/300207797,False
FONDS NATIONAL POUR LA PROMOTION DE L'ENTREPRISE ET DE L'EMPLOI DES JEUNES (FNPEJ,Littoral,,,,6.3517609,2.4000993,OpenStreetMap,node/4422167122,False
Fanhi,Littoral,,,,4.0670001,9.7442542,OpenStreetMap,node/6127559185,False
Finauges Consulting,Littoral,,,,4.0596247,9.7253152,OpenStreetMap,node/4419001710,False
Fonds National de Promotion de l'Entreprise et de l'Emploi des Jeunes,Littoral,,,,6.351765,2.3999402,OpenStreetMap,node/4422279655,False
Fonds National de la Microfinance,Littoral,,,,6.375923,2.3910915,OpenStreetMap,node/4429255462,False
Fonds routier,Littoral,,,,6.3539961,2.4222259,OpenStreetMap,node/5810452254,False
GECA Prospective,Littoral,,,,6.3818207,2.4109428,OpenStreetMap,node/6277961788,False
GICAM,Littoral,,,,4.0345795,9.6869854,OpenStreetMap,way/299551890,False
GIZ-Bureau Bénin,Littoral,,,,6.3555551,2.4225424,OpenStreetMap,node/4982873170,False
GUFE,Littoral,,,,6.3585308,2.4370303,OpenStreetMap,node/4488813060,False
Hôtel de Ville,Littoral,,,,4.9566316,9.9358822,OpenStreetMap,way/298281727,False
Hôtel de Ville,Littoral,,,,4.0416932,9.6858233,OpenStreetMap,way/299539679,False
Hôtel de ville,Littoral,,,,5.1202239,9.9452342,OpenStreetMap,way/747899583,False
Hôtel de ville Douala IV,Littoral,,,,4.0701733,9.6844972,OpenStreetMap,way/299537305,False
IGN FI,Littoral,,,,6.3860262,2.4471877,OpenStreetMap,node/4445814289,False
INFOSEC,Littoral,,,,6.3525226,2.401849,OpenStreetMap,node/4423466138,False
IPIM,Littoral,,,,4.4474536,10.7561618,OpenStreetMap,node/6203214086,False
IRD,Littoral,,,,6.3515641,2.3999149,OpenStreetMap,node/6118993985,False
IRD,Littoral,,,,6.3515281,2.3999492,OpenStreetMap,node/6118993986,False
IRHOB,Littoral,,,,6.3690565,2.4395001,OpenStreetMap,node/5573284170,False
Information Department for Customs,Littoral,,,,4.0389409,9.6840839,OpenStreetMap,node/5472663721,False
Inspection générale des armées,Littoral,,,,6.3672719,2.4132431,OpenStreetMap,node/12061611209,False
Institut Géographique National,Littoral,,,,6.3827394,2.4501794,OpenStreetMap,node/4393387195,False
Institut Géographique National (Annexe),Littoral,,,,6.3593793,2.439464,OpenStreetMap,node/950732873,False
Institut National de Statistique,Littoral,,,,4.0394822,9.6838816,OpenStreetMap,way/299539189,False
Institut National de la Statistique et de la Démographie,Littoral,,,,6.3523552,2.4003987,OpenStreetMap,node/11219472106,False
Kribi Power Developpement Company,Littoral,,,,4.0259784,9.6919116,OpenStreetMap,way/299538881,False
MAETUR,Littoral,,,,4.0857631,9.7351617,OpenStreetMap,node/6121624085,False
MINASS MINPROFF,Littoral,,,,4.0440548,9.6859912,OpenStreetMap,way/299546523,False
MINCOM,Littoral,,,,4.0390952,9.6842566,OpenStreetMap,way/299538698,False
MINDAF,Littoral,,,,4.0452058,9.6864453,OpenStreetMap,way/299539765,False
MINEFOP,Littoral,,,,4.0376041,9.6870032,OpenStreetMap,way/299546718,False
MINFOF,Littoral,,,,4.0385385,9.6868895,OpenStreetMap,way/299549981,False
MINISTÈRE DE L'ÉDUCATION DE BASE,Littoral,,,,4.036363,9.6835102,OpenStreetMap,node/9215438419,False
MINJEUNE,Littoral,,,,4.0390166,9.6831926,OpenStreetMap,way/299547574,False
MINPOSTEL,Littoral,,,,4.0438265,9.6858005,OpenStreetMap,way/299544380,False
MINSANTE,Littoral,,,,4.0380883,9.6833152,OpenStreetMap,way/299539966,False
MINTSS,Littoral,,,,4.040365,9.6890162,OpenStreetMap,way/299551466,False
Magasin WIC Bénin sarl,Littoral,,,Rue 103,6.3542984,2.4414866,OpenStreetMap,node/4217450245,False
Mairie Douala lll,Littoral,,,,4.0371399,9.7564351,OpenStreetMap,way/300313662,False
Mairie d'Ebone,Littoral,,,,4.8815406,9.8927229,OpenStreetMap,way/838713828,False
Mairie de Cotonou,Littoral,,,,6.3760319,2.4130933,OpenStreetMap,node/3872881841,False
Mairie de Cotonou,Littoral,,,,6.3673789,2.4595577,OpenStreetMap,way/827812188,False
Mairie de Dibombari,Littoral,,,,4.1770466,9.6570604,OpenStreetMap,way/362984924,False
Mairie de Dizangué,Littoral,,,,3.7479748,10.0178909,OpenStreetMap,node/4627943189,False
Mairie de Douala 1er,Littoral,,,,4.0495368,9.6909299,OpenStreetMap,node/7038714186,False
Mairie de Douala 5,Littoral,,,Rue 5.111,4.0894513,9.7407448,OpenStreetMap,way/456116146,False
Mairie de Manjo,Littoral,,,,4.8476042,9.8246397,OpenStreetMap,node/5104715873,False
Mairie de Mombo,Littoral,,,,4.5760849,9.5909057,OpenStreetMap,way/419425061,False
Mairie de Nkongsamba I,Littoral,,,,4.9557127,9.9333595,OpenStreetMap,way/298281728,False
Mairie de loum,Littoral,,,,4.7190575,9.7348804,OpenStreetMap,node/4590296293,False
Mairie du 10ᵉ arrondissement,Littoral,,,,6.3862363,2.3844969,OpenStreetMap,node/2499528293,False
Marine Militaire,Littoral,,,,6.3496183,2.4318231,OpenStreetMap,way/417989557,False
Ministere de la Jeunesse et de L'education civique,Littoral,,,,4.052905,9.7195044,OpenStreetMap,node/4419001722,False
Ministère chargé du Plan et du Développement,Littoral,,,,6.3524315,2.4001467,OpenStreetMap,node/4422279657,False
Ministère de L'enseignement Supérieur et de la Recherche,Littoral,,,,6.352512,2.4157345,OpenStreetMap,node/3878035831,False
Ministère de l'Intérieur et de la Sécurité Publique,Littoral,,,,6.353668,2.4082153,OpenStreetMap,node/3878027514,False
"Ministère de l'environement, de l'habitat e de l'urbanisme",Littoral,,,,6.3536908,2.4312409,OpenStreetMap,node/3933983748,False
Ministère de l'économie et des finances,Littoral,,,,6.3530202,2.3972528,OpenStreetMap,node/6578195287,False
Ministère de la Décentralisation et de la Gouvernance Locale,Littoral,,,12.143,6.353856,2.4080859,OpenStreetMap,node/5378150821,False
Ministère de la Défense,Littoral,,,,6.3538598,2.4083568,OpenStreetMap,node/7704469690,False
Ministère de la Défense Nationale,Littoral,,,,6.3518098,2.431489,OpenStreetMap,node/3878027511,False
Ministère de la Santé,Littoral,,,,6.3650722,2.4634787,OpenStreetMap,node/7806911086,False
Ministère de la santé publique,Littoral,,,,6.3646346,2.4637619,OpenStreetMap,node/4741047011,False
Ministère des Affaires Etrangères,Littoral,,,,6.3528335,2.4011001,OpenStreetMap,node/7704702651,False
Ministère des Infrastructures et des Transports,Littoral,,,,6.362942,2.4578607,OpenStreetMap,node/9837034544,False
Ministère du cadre de vie et du développement durable,Littoral,,,,6.3539739,2.4313757,OpenStreetMap,node/7839091404,False
Ministère du travail et de la fonction publique,Littoral,,,,6.3542488,2.4021969,OpenStreetMap,node/4485215491,False
Office Natinal du Bois,Littoral,,,,6.3665532,2.4639543,OpenStreetMap,node/4210075193,False
Office du Bac,Littoral,,,,6.3759973,2.4159334,OpenStreetMap,node/5273274025,False
Organisation internationale pour les migrations,Littoral,,,,6.3561083,2.4004546,OpenStreetMap,node/6250454885,False
PREFECTURE,Littoral,,,,6.3533832,2.4345385,OpenStreetMap,node/3934005617,False
Palais de la Marina,Littoral,,,,6.3516092,2.409071,OpenStreetMap,way/272739399,False
Peace Corps,Littoral,,,,6.3555497,2.4188167,OpenStreetMap,node/4444000891,False
Perception d'Akpakpa,Littoral,,,,6.3702851,2.4478403,OpenStreetMap,node/4208098204,False
Prefecture Dibamba,Littoral,,,,3.9749522,10.1088273,OpenStreetMap,way/817725628,False
Programme National de Lutte Contre le Paludisme (PNLP),Littoral,,,,6.3645323,2.4632382,OpenStreetMap,way/421200506,False
Programme national de Lutte Contre le SIDA (PNLS),Littoral,,,,6.3650163,2.4636932,OpenStreetMap,way/421200505,False
Protos,Littoral,,,,6.3549239,2.3933509,OpenStreetMap,node/4698938098,False
Préfecture de Nkongsamba,Littoral,,,,4.9552818,9.9337164,OpenStreetMap,way/405898199,False
Présidence de la République,Littoral,,,,6.3516948,2.4099091,OpenStreetMap,way/234343132,False
RDPC,Littoral,,,,4.0797575,9.6661455,OpenStreetMap,way/299452667,False
RECE FINANCES,Littoral,,,,4.0449741,9.6865082,OpenStreetMap,way/299537375,False
Recette des finances de l'atlantique,Littoral,,,,6.3537521,2.3983783,OpenStreetMap,node/4709900289,False
Recette municipale Douala 3ème,Littoral,,,,4.0383739,9.7565154,OpenStreetMap,node/4627914391,False
Regiment d'artillerie Sol-Sol (RASS) Camp A,Littoral,,,,4.9607384,9.9355304,OpenStreetMap,node/7825818886,False
Regiment d'artillerie Sol-Sol (RASS) Camp B,Littoral,,,,4.9624257,9.932356,OpenStreetMap,node/7825818885,False
Residence du Consulat honoraire de Roumanie à Benin,Littoral,,,Carre 122 Avenue Delorme,6.3545898,2.3942784,OpenStreetMap,node/5202880022,False
SBEE,Littoral,,,,6.3574627,2.4372556,OpenStreetMap,node/4379356089,False
SBEE de cité houeyiho,Littoral,,,,6.3731442,2.3902537,OpenStreetMap,node/10011711050,False
SERVICE DES RELATIONS AVEC LES USAGERS,Littoral,,,,6.3533638,2.4339531,OpenStreetMap,node/3934007111,False
SIRAT,Littoral,,,,6.3458279,2.4036343,OpenStreetMap,node/11900920266,False
SIRAT,Littoral,,,,6.3461337,2.4037229,OpenStreetMap,node/11900929069,False
SS,Littoral,,,,6.3538271,2.4338393,OpenStreetMap,node/9155178518,False
Scaphandrier BENIN,Littoral,,,,6.3609299,2.4067173,OpenStreetMap,node/4210824196,False
Service Départemental du Cadastre du Moungo,Littoral,,,,4.9621793,9.9327197,OpenStreetMap,node/8022017385,False
Service Impots Akpakpa CIPE,Littoral,,,,6.3814681,2.4626004,OpenStreetMap,node/4172329289,False
Services du Gouverneur,Littoral,,,,4.0402993,9.6852075,OpenStreetMap,way/299551374,False
Société Béninoise d'énergie électrique (Direction générale),Littoral,,,,6.3537773,2.4339521,OpenStreetMap,node/3934008328,False
Sonapra,Littoral,,,,6.3666119,2.4649266,OpenStreetMap,node/4210075194,False
Sous Préfecture,Littoral,,,,4.0416145,9.6852531,OpenStreetMap,way/299539590,False
Sous Préfecture,Littoral,,,,4.0920481,9.7511127,OpenStreetMap,way/300206370,False
Sous Préfecture Douala IV,Littoral,,,,4.0708259,9.6857694,OpenStreetMap,way/299544599,False
Sous-Préfecture d'Edéa 1,Littoral,,,,3.7994491,10.1230995,OpenStreetMap,way/1313444198,False
Sous-préfecture de Manjo,Littoral,,,,4.8485487,9.8262847,OpenStreetMap,node/5104715874,False
Sous-préfecture de loum,Littoral,,,,4.7223034,9.7338633,OpenStreetMap,node/4590410492,False
Tours administratives,Littoral,,,,6.3539434,2.4012511,OpenStreetMap,node/6361361027,False
Trésor Public,Littoral,,,,6.3597224,2.4284347,OpenStreetMap,node/4586762965,False
Trésorerie,Littoral,,,,4.0443827,9.6866812,OpenStreetMap,way/299539766,False
Unnamed municipal/government building,Littoral,,,,6.3582061,2.4637476,OpenStreetMap,node/5161079324,False
Unnamed municipal/government building,Littoral,,,,4.0373932,9.68881,OpenStreetMap,node/7027898285,False
Unnamed municipal/government building,Littoral,,,,4.088184,9.8019719,OpenStreetMap,node/11350143469,False
Unnamed municipal/government building,Littoral,,,,6.3528133,2.40112,OpenStreetMap,relation/6215144,False
Vice Présidence,Littoral,,,,6.351267,2.4174478,OpenStreetMap,node/10964010516,False
Voirie Municipale Douala,Littoral,,,,4.035406,9.6884607,OpenStreetMap,node/7038513385,False
centre état civil,Littoral,,,,4.0783635,9.7321416,OpenStreetMap,node/4397256994,False
nexttel office,Littoral,,,,4.0487071,9.7005466,OpenStreetMap,node/5084113621,False
perception de douala 5eme,Littoral,,,,4.0971377,9.741085,OpenStreetMap,node/4333725631,False
western Union 1,Littoral,,,,4.0842953,9.7947233,OpenStreetMap,node/11350139870,False
western Union 1,Littoral,,,,4.0839367,9.7948476,OpenStreetMap,node/11350143869,False
Unnamed municipal/government building,North,,,,33.6151502,-81.1035079,OpenStreetMap,way/529597604,False
Engineers India Limited,South,,"Bhikaji Cama Place, New Delhi",Mahatma Gandhi Marg/Ring Road,28.5691508,77.1878588,OpenStreetMap,way/353429729,False
All India Council For Technical Education,South,,,,28.5357015,77.1544197,OpenStreetMap,node/10750253403,False
"Apparel, Made Ups and Home Furnishing Sector Skill Council",South,,,,28.5677049,77.1888969,OpenStreetMap,node/14046155199,False
Central Information Commission,South,,,,28.5496517,77.1746498,OpenStreetMap,way/351840859,False
Central Record Office,South,,,,28.5647932,77.1845132,OpenStreetMap,node/14046155191,False
Customer Contact Centre,South,,,,28.5245299,77.2061615,OpenStreetMap,way/1303218472,False
DMRC,South,,,,28.5435799,77.2033093,OpenStreetMap,way/1354255768,False
DTC Hauz Khas Office,South,,,,28.543161,77.2018116,OpenStreetMap,node/12531511895,False
Delhi Electricity Regulatory Commission,South,,,,28.5405368,77.2113325,OpenStreetMap,way/352539083,False
Delhi Metro Rail Corporation Office,South,,,,28.528768,77.2039161,OpenStreetMap,way/1388700953,False
Embassy of Vietnam,South,,,,28.5588058,77.2002741,OpenStreetMap,node/10983624562,False
Foreigners Regional Registration Office FRRO,South,,,,28.5657869,77.1829801,OpenStreetMap,node/14060783562,False
Indian Society for Technical Education,South,,,,28.5422822,77.183281,OpenStreetMap,way/351840893,False
JNU Administrative Building,South,,,,28.5424425,77.1666262,OpenStreetMap,relation/5250749,False
Jharkhand Bhawan,South,,,,28.5575614,77.1592006,OpenStreetMap,way/349769293,False
Lokpal of India Office,South,,,,28.5419451,77.1469069,OpenStreetMap,node/8190546842,False
Meghalaya House,South,,,,28.5574765,77.1594849,OpenStreetMap,way/349769309,False
Ministry of Statistics Program Implementation,South,,,,28.5666144,77.1835159,OpenStreetMap,node/14046155237,False
NIEPA,South,,,Aurobindo Marg,28.538882,77.1917967,OpenStreetMap,node/6476936085,False
National Dental Commission,South,,,,28.5735176,77.1731624,OpenStreetMap,way/1506813909,False
National Disaster Management Authority,South,,,,28.5664077,77.1993434,OpenStreetMap,way/111288341,False
National Institute of Health and Family Welfare,South,,,,28.5503394,77.1746175,OpenStreetMap,node/5893260021,False
Office Of The Executive Engineer South East(Building Maintenance Civil Division PWD),South,,,,28.5446232,77.2026697,OpenStreetMap,node/12531469590,False
Office of the Chief Engineer,South,,,,28.5496255,77.21509,OpenStreetMap,node/13142488626,False
Office of the Sanitary Inspector,South,,,,28.5467697,77.2395637,OpenStreetMap,node/11782607486,False
Regional Passport Office - Ministry of External Affairs - GoI,South,,,,28.5682855,77.1847935,OpenStreetMap,node/6657822762,False
"Road Transport Office, Sheikh Sarai",South,,,,28.5334778,77.2309948,OpenStreetMap,node/6831721785,False
SDM Office,South,,,,28.5147282,77.229802,OpenStreetMap,node/11698097869,False
Unnamed municipal/government building,South,,,,28.5278551,77.2332141,OpenStreetMap,relation/5262890,False
Voter's Registration Centre,South,,,,28.5555739,77.1842995,OpenStreetMap,node/14100919796,False
Wildlife Crime Control Bureau - Ministry of Environment and Forests - GoI,South,,,,28.5678667,77.1855441,OpenStreetMap,node/6657822759,False
Landesamt für Vermessung und Geoinformation,West,,Dessau-Roßlau,Elisabethstraße,51.8331552,12.2281227,OpenStreetMap,way/96708440,False
"Amt für Straßenbau und Erschließung, Baubezirk West",West,,Frankfurt am Main,Kurmainzer Straße,50.104401,8.5560094,OpenStreetMap,node/9574617681,False
Bürgeramt Höchst,West,,Frankfurt am Main,Dalbergstraße,50.101528,8.5427511,OpenStreetMap,way/105178086,False
"Grünflächenamt Frankfurt, Bezirk West",West,,Frankfurt am Main,Kurmainzer Straße,50.1041481,8.555418,OpenStreetMap,node/9574617680,False
Informationstechnikzentrum Bund (ITZBund),West,,Frankfurt am Main,Westerbachstraße,50.1236209,8.5908301,OpenStreetMap,node/4019998660,False
Informationstechnikzentrum Bund (ITZBund),West,,Frankfurt am Main,Wilhelm-Fay-Straße,50.1261254,8.5856592,OpenStreetMap,node/4019998661,False
Amt für Ausbildungsfördung,West,,Landshut,Luitpoldstraße,48.5397457,12.1399782,OpenStreetMap,node/6780858108,False
"Amt für Ernährung, Landwirtschaft und Forsten",West,,Landshut,Klötzlmüllerstraße,48.5353585,12.1456605,OpenStreetMap,node/8231708485,False
Landesgewerbeanstalt Bayern,West,,Landshut,Luitpoldstraße,48.5368663,12.1441931,OpenStreetMap,node/9602904991,False
Rathaus II,West,,Landshut,Luitpoldstraße,48.5396478,12.1412164,OpenStreetMap,way/1504434762,False
Rathaus Ii Stadtjugendamt,West,,Landshut,Luitpoldstraße,48.539217,12.1417627,OpenStreetMap,way/217226594,False
Bürgerbüro Ratzelbogen,West,,Leipzig,Kiewer Straße,51.3117905,12.2808178,OpenStreetMap,relation/1437314,False
Gesundheitsamt Grünau,West,,Leipzig,Miltitzer Allee,51.316448,12.2662123,OpenStreetMap,node/12992013599,False
Unnamed municipal/government building,West,,Mönchengladbach,Plektrudisstraße,51.1486093,6.3634275,OpenStreetMap,way/284593167,False
Unnamed municipal/government building,West,,Mönchengladbach,Plektrudisstraße,51.1487353,6.3634457,OpenStreetMap,way/284593171,False
Amt für Stadtgrün und Friedhöfe,West,,Saarbrücken,Im Weyerbachtal,49.2548887,6.9420619,OpenStreetMap,way/97342298,False
Bürgeramt Burbach,West,,Saarbrücken,Burbacher Markt,49.2422802,6.9465059,OpenStreetMap,way/89482756,False
Informations- und Medienzentrum,West,,Saarbrücken,Saar-Lor-Lux-Straße,49.2530178,6.9346329,OpenStreetMap,node/9928092013,False
Informations- und Medienzentrum,West,,Saarbrücken,Vollweidstraße,49.2532356,6.9356888,OpenStreetMap,node/12849777128,False
Landesamt für Soziales,West,,Saarbrücken,Hochstraße,49.2412398,6.955559,OpenStreetMap,way/69222139,False
Landesamt für Verbraucherschutz,West,,Saarbrücken,Konrad-Zuse-Straße,49.2407827,6.9554213,OpenStreetMap,node/6903792449,False
SaarForst Landesbetrieb,West,,Saarbrücken,,49.2778535,6.951437,OpenStreetMap,way/979876170,False
BSES Rajdhani Power Limited Japankpuri Division Office,West,,,,28.6207538,77.1105608,OpenStreetMap,node/13455403549,False
Bezirksverwaltungsstelle,West,,,,51.1486729,6.3635483,OpenStreetMap,node/2703782604,False
Bürgerbüro Stadt Landshut,West,,,Luitpoldstraße,48.5396412,12.1415306,OpenStreetMap,node/11001977835,False
Central Council for Research in Homoeopathy,West,,,,28.6118242,77.103498,OpenStreetMap,way/351655070,False
Finanzamt Mönchengladbach,West,,,,51.1764964,6.390575,OpenStreetMap,node/4451846555,False
Gebäude Managment MG,West,,,,51.1761944,6.3917014,OpenStreetMap,node/13691032690,False
Government of India Press,West,,,,28.6338402,77.1292414,OpenStreetMap,way/1469048168,False
Hari Nagar Telephone Exchange,West,,,,28.6293388,77.111557,OpenStreetMap,node/13657648572,False
Hari Nagar Timekeeper Booth,West,,,,28.6246159,77.1105366,OpenStreetMap,node/13455393944,False
Informations- und Kommunikationsinstitut der Landeshauptstadt Saarbrücken,West,,,,49.2408146,6.9567646,OpenStreetMap,node/7530037298,False
Irrigation and Flood Control Department Civil Division 2,West,,,,28.6673363,77.1369961,OpenStreetMap,node/13466629824,False
Irrigation and Flood Control Department Office,West,,,,28.659278,77.1274129,OpenStreetMap,node/12841444760,False
Jugend und Sozialrathaus Höchst,West,,,,50.1046736,8.5521099,OpenStreetMap,node/2107773404,False
Junior Engineer Office Delhi Jal Board,West,,,,28.6543868,77.0408686,OpenStreetMap,node/12399378269,False
Kämmerei,West,,,,51.1761378,6.3916644,OpenStreetMap,node/13609091708,False
"Landesamt für Vermessung, Geoinformation und Landentwicklung",West,,,,49.2775534,6.9506045,OpenStreetMap,way/979876164,False
Landesmedienanstalt Saarland,West,,,,49.240373,6.9553811,OpenStreetMap,node/7530037265,False
MCD ELectrical Office,West,,,,28.6379547,77.1133349,OpenStreetMap,way/351127780,False
MCD Regional HQ,West,,,,28.6539825,77.1224889,OpenStreetMap,node/14051517767,False
National Council Of State Agricultural Marketing,West,,,,28.6510796,77.0876349,OpenStreetMap,node/11951524700,False
Stadtverwaltung - Datenmanagement und Statistik,West,,,,51.1760167,6.391561,OpenStreetMap,node/13609091003,False
Stadtverwaltung - Fachbereich Recht (30),West,,,,51.1760729,6.3916136,OpenStreetMap,node/13609091004,False
"Standesamt der Stadt Frankfurt am Main, Bezirk Höchst",West,,,,50.1003009,8.5523558,OpenStreetMap,node/2954392340,False
Unnamed municipal/government building,West,,,,51.1766621,6.3907269,OpenStreetMap,way/41452218,False
Unnamed municipal/government building,West,,,,51.129762,6.4123149,OpenStreetMap,way/302927190,False
Zollamt Frankfurt am Main-Höchst,West,,,,50.1005806,8.52809,OpenStreetMap,node/10216984515,False
